name,probability
000000-f6f091083fcc5948725ef21f-11-2250-22050.jpg,0.982
000001-c371eab259dd483bd58c25d8-13-1000-24400.jpg,0.998
000002-540208e670abd2b2613b8dfa-39-2750-72950.jpg,1.0
000003-16f99beaf8446ba44a25e1f6-14-500-25700.jpg,0.999
000004-0df26117d1a490e48873f39d-26-4250-51050.jpg,0.958
000005-d714745bd7c83534af449a81-4-2750-9950.jpg,0.964
000006-e97e9054f7b8f3e47f09f75c-9-4000-20200.jpg,0.92
000007-6258142bab395a3c22a310da-27-4750-53350.jpg,0.99
000008-68f6dad2a2ede9aa67f72499-40-3250-75250.jpg,0.721
000009-04d03f0bda67a854ff0dc550-23-2750-44150.jpg,0.997
000010-437b49c5a4d43f7cf5f04e11-12-1250-22850.jpg,0.999
000011-e136be7e1b771b73501c41b1-10-4000-22000.jpg,0.901
000012-be0c688226a81bd12535adac-41-1250-75050.jpg,0.796
000013-16f99beaf8446ba44a25e1f6-19-3500-37700.jpg,0.956
000014-b359b4021287d30ff9b6f5b2-29-4750-56950.jpg,1.0
000015-1d543ae97672c91311e5a36d-34-1250-62450.jpg,0.887
000016-2e5b26de6bdee8e740e69eac-35-4250-67250.jpg,0.891
000017-398e7524eb808f5e45c794fc-28-0-50400.jpg,0.988
000018-6e4893849ef9b777ec9c9c78-7-500-13100.jpg,0.569
000019-768a0a069adf04319ff2559b-38-3000-71400.jpg,0.558
000020-e03d6fa1c9dcadacd79c8d20-5-3500-12500.jpg,1.0
000021-fb247ec7e266d69334aaf013-39-4000-74200.jpg,0.672
000022-cf6818df126de11c0ac1aaa3-41-3250-77050.jpg,0.991
000023-b8acc0dba46212f108f96480-1-4500-6300.jpg,0.52
000024-437b49c5a4d43f7cf5f04e11-23-3250-44650.jpg,1.0
000025-acab0eb205d107f839c695f3-8-1500-15900.jpg,1.0
000026-5c99ee571eb64dfbe59206b4-21-3000-40800.jpg,1.0
000027-6d5e57caf62f4ce2491fd4c2-7-750-13350.jpg,0.947
000028-bc33bb6c5813d9351f1062f9-10-2000-20000.jpg,0.938
000029-29a94a94190d92d759560898-43-4000-81400.jpg,0.991
000030-dd1a338f96a4e03d74300b13-23-2750-44150.jpg,0.996
000031-7dd02305e2d607582de11bdb-31-1250-57050.jpg,0.898
000032-7436f263d68c94898820c6ff-22-500-40100.jpg,0.891
000033-dd4f77a5f43d5e5d6f322b21-35-4750-67750.jpg,1.0
000034-985fd86f5514b1028b5587e4-26-4750-51550.jpg,1.0
000035-dd4f77a5f43d5e5d6f322b21-37-4250-70850.jpg,0.999
000036-b4310dc68adb02ebcf3187de-30-2500-56500.jpg,0.98
000037-0d1e7b29a724994660ce3fe2-37-500-67100.jpg,0.998
000038-cf640301315dd0860917ea9f-2-1000-4600.jpg,0.995
000039-4ff5e31ba22a7bd897d07e24-12-0-21600.jpg,1.0
000040-5e2693c48affb8e8b86d8c00-5-0-9000.jpg,0.994
000041-5f40487e05bd3e7c70e4eb94-26-2750-49550.jpg,0.996
000042-e9425ab67c9507b8a5b31164-39-750-70950.jpg,0.88
000043-93cd430a2a305803b9c997dc-20-4250-40250.jpg,0.995
000044-9158d948a7e1edeb1f829c71-4-4250-11450.jpg,0.997
000045-4ff5e31ba22a7bd897d07e24-7-2500-15100.jpg,0.995
000046-c371eab259dd483bd58c25d8-32-1500-59100.jpg,0.888
000047-8f2e8dd7b16b72806d9863ff-15-3500-30500.jpg,0.981
000048-5906ba94cf204d29c2895589-13-4500-27900.jpg,0.992
000049-5c99ee571eb64dfbe59206b4-35-2250-65250.jpg,0.871
000050-4f062a0d2117ba4992ddc68a-41-3750-77550.jpg,0.966
000051-bb1de1b9b749ca8d18d0c840-28-0-50400.jpg,0.998
000052-c54eb727efad33ddc42bb452-7-1000-13600.jpg,0.466
000053-978933a2da83584f8c9d9c72-15-3500-30500.jpg,0.723
000054-b7f7a59a118189974b56450e-40-500-72500.jpg,0.98
000055-188b991a3c295dc93f80412c-18-250-32650.jpg,0.709
000056-7e3bb2ffcafbbb3f749de881-30-750-54750.jpg,0.997
000057-6258142bab395a3c22a310da-3-1750-7150.jpg,0.665
000058-8f2e8dd7b16b72806d9863ff-20-2000-38000.jpg,0.994
000059-bc33bb6c5813d9351f1062f9-39-3500-73700.jpg,0.125
000060-7a48c8dc4ebc485dab23a53c-31-2250-58050.jpg,0.795
000061-5c99ee571eb64dfbe59206b4-14-250-25450.jpg,0.992
000062-cfa1e88a7d10fead6303332b-22-1750-41350.jpg,0.998
000063-9158d948a7e1edeb1f829c71-22-1000-40600.jpg,0.971
000064-d8ca89ae03637f2b42bcd042-37-4250-70850.jpg,0.91
000065-32235165c7312be320d36823-17-250-30850.jpg,0.535
000066-540208e670abd2b2613b8dfa-22-1750-41350.jpg,0.988
000067-0a2a2d8fe0e0547cadc6d521-27-0-48600.jpg,0.998
000068-295d6a924c7709f4fc6473be-31-2000-57800.jpg,0.924
000069-14a93dd1b5546948a3c95929-6-3000-13800.jpg,0.907
000070-7c468c05d4662fcee9fab921-36-250-65050.jpg,0.995
000071-0df26117d1a490e48873f39d-15-750-27750.jpg,0.604
000072-7e423a97a7cc647c80bc112c-5-3750-12750.jpg,0.951
000073-5453c71d0e7fe98e00c88c9e-14-0-25200.jpg,0.892
000074-32235165c7312be320d36823-42-1750-77350.jpg,1.0
000075-ab6ae95114751c64a94eb2d0-41-4500-78300.jpg,0.999
000076-bb1de1b9b749ca8d18d0c840-18-4750-37150.jpg,0.999
000077-fc9ab13dc9e640fb3a52746d-17-250-30850.jpg,0.997
000078-f1cd0db34a558c82f3d8328a-21-3750-41550.jpg,0.983
000079-ce81932a762ad235a831aa8b-43-1250-78650.jpg,0.92
000080-855f7fe5d5f04c0dc975d88d-12-4500-26100.jpg,0.994
000081-5c32d68855388b3c5ff424e3-33-2000-61400.jpg,0.512
000082-df757ecb6cb5cb64f67b2949-34-2750-63950.jpg,0.941
000083-ce81932a762ad235a831aa8b-11-1250-21050.jpg,0.988
000084-4ff5e31ba22a7bd897d07e24-3-3000-8400.jpg,0.999
000085-8a9293e84bdb36b0c69dab13-12-3750-25350.jpg,1.0
000086-5aaa97d21c46dd007ccfb9b2-23-4250-45650.jpg,0.902
000087-d843411d5321a68a9227a475-39-4000-74200.jpg,0.68
000088-7e3bb2ffcafbbb3f749de881-32-1750-59350.jpg,0.984
000089-3416bc3935676fc9c5fb2162-25-1250-46250.jpg,0.217
000090-cfa1e88a7d10fead6303332b-12-3750-25350.jpg,0.994
000091-d843411d5321a68a9227a475-42-1000-76600.jpg,0.139
000092-b359b4021287d30ff9b6f5b2-31-4500-60300.jpg,0.822
000093-fb247ec7e266d69334aaf013-28-4750-55150.jpg,0.49
000094-bb08f16dd67079986cd12e52-44-2750-81950.jpg,0.703
000095-978933a2da83584f8c9d9c72-22-4500-44100.jpg,0.885
000096-705d39b0c40552746a1afadf-42-1250-76850.jpg,0.339
000097-6258142bab395a3c22a310da-9-3500-19700.jpg,0.17
000098-ebcaead9bb3755b5d8175223-44-500-79700.jpg,0.98
000099-7310b9e06cba24ddc4e162b3-21-1750-39550.jpg,0.341
000100-9d9d178c8545365b3a34cfa0-31-1000-56800.jpg,0.708
000101-be0c688226a81bd12535adac-38-3250-71650.jpg,0.999
000102-7e423a97a7cc647c80bc112c-6-4000-14800.jpg,0.999
000103-af2cd873d5f7012625b7645e-8-4000-18400.jpg,0.849
000104-7e423a97a7cc647c80bc112c-19-4500-38700.jpg,0.977
000105-2c4e2c0166429ff4b26c0fd5-29-4500-56700.jpg,1.0
000106-a8c3a50bc09c78ba83994b62-21-2500-40300.jpg,0.979
000107-c54eb727efad33ddc42bb452-30-2000-56000.jpg,0.119
000108-6115a9db17decee344eb8f7a-14-3000-28200.jpg,0.997
000109-ee61602c5e399e3fd44e5960-42-500-76100.jpg,0.992
000110-5aa735c8ff45c3469d2531f7-21-3500-41300.jpg,0.956
000111-7c468c05d4662fcee9fab921-11-3250-23050.jpg,0.811
000112-392c6092a6280d30a7144bcf-5-1750-10750.jpg,1.0
000113-5c32d68855388b3c5ff424e3-33-4250-63650.jpg,0.979
000114-4f0071acf34e37f4ee3d026c-26-1000-47800.jpg,0.849
000115-ce987a693d8c47d442322a6e-31-3250-59050.jpg,0.997
000116-244da96f4adb75837b12fc4d-39-750-70950.jpg,0.976
000117-ba70befeb9a917baca4821aa-18-2750-35150.jpg,0.996
000118-bb08f16dd67079986cd12e52-44-1750-80950.jpg,0.941
000119-bc33bb6c5813d9351f1062f9-14-4000-29200.jpg,0.993
000120-bb093a0466fe40cd5cc40a75-42-2000-77600.jpg,0.977
000121-af2cd873d5f7012625b7645e-7-250-12850.jpg,0.283
000122-68f6dad2a2ede9aa67f72499-12-4750-26350.jpg,0.967
000123-afd4c1bf9fac7484ffca8051-24-4750-47950.jpg,0.857
000124-33a55fcdd623babeb4b8afdf-17-500-31100.jpg,0.985
000125-2538a18c8c4a5e6a34f3df9f-30-2750-56750.jpg,0.995
000126-e06d503ec3a952d8ad3cfe45-5-4500-13500.jpg,0.974
000127-e97e9054f7b8f3e47f09f75c-35-3250-66250.jpg,0.148
000128-0a2a2d8fe0e0547cadc6d521-36-3000-67800.jpg,0.996
000129-b8acc0dba46212f108f96480-6-4250-15050.jpg,0.784
000130-a2574706861c394735af3db4-37-3500-70100.jpg,0.428
000131-4af9a04b3e28786de70a1f38-2-2250-5850.jpg,1.0
000132-49756b62e211e131fd6008d2-9-3500-19700.jpg,0.998
000133-0fd34f1ee17e8ae9c64b1337-27-1750-50350.jpg,0.531
000134-5f54c85f852382e22d784c56-9-1500-17700.jpg,0.997
000135-0fd34f1ee17e8ae9c64b1337-28-2500-52900.jpg,0.993
000136-acab0eb205d107f839c695f3-1-3750-5550.jpg,0.984
000137-953dc505b13267df9a0f7572-3-0-5400.jpg,0.998
000138-244da96f4adb75837b12fc4d-33-2750-62150.jpg,0.977
000139-5c32d68855388b3c5ff424e3-25-3750-48750.jpg,0.944
000140-16f99beaf8446ba44a25e1f6-13-250-23650.jpg,0.998
000141-32235165c7312be320d36823-35-3500-66500.jpg,0.973
000142-5f40487e05bd3e7c70e4eb94-13-750-24150.jpg,0.985
000143-855f7fe5d5f04c0dc975d88d-29-1500-53700.jpg,0.993
000144-244da96f4adb75837b12fc4d-7-2750-15350.jpg,0.988
000145-dc0eb7d577e761b21c47980c-24-4250-47450.jpg,0.973
000146-a8c3a50bc09c78ba83994b62-37-500-67100.jpg,0.93
000147-da65c9f6fbb63ff67c796a78-0-3500-3500.jpg,0.927
000148-0ab896dfec91bbdb43f4dfc9-32-3750-61350.jpg,0.524
000149-f41898121bded6aa892c02f5-9-4500-20700.jpg,0.951
000150-2c4e2c0166429ff4b26c0fd5-39-1000-71200.jpg,0.988
000151-9898b30fba4d21a357606744-41-1250-75050.jpg,0.057
000152-043d443cdc1d59deb4c45da6-32-3000-60600.jpg,0.995
000153-f4ff736e0adc6b7ce009f87d-28-4000-54400.jpg,0.909
000154-ce987a693d8c47d442322a6e-29-2000-54200.jpg,0.983
000155-6c2601ee868544d7e63431f4-19-1500-35700.jpg,0.977
000156-5aaa97d21c46dd007ccfb9b2-11-2000-21800.jpg,0.993
000157-47f68f22ab79bc7ebf0b7704-19-4750-38950.jpg,0.808
000158-b8acc0dba46212f108f96480-33-4250-63650.jpg,0.351
000159-33a55fcdd623babeb4b8afdf-19-3000-37200.jpg,0.994
000160-cfa1e88a7d10fead6303332b-14-4250-29450.jpg,0.999
000161-c54eb727efad33ddc42bb452-7-1250-13850.jpg,0.785
000162-2d90aff655d9086822674199-12-2250-23850.jpg,0.998
000163-9158d948a7e1edeb1f829c71-40-250-72250.jpg,0.99
000164-2ebd6ca19219c9c68e5a80c7-15-3750-30750.jpg,0.997
000165-dd1a338f96a4e03d74300b13-33-750-60150.jpg,0.989
000166-ab6ae95114751c64a94eb2d0-28-3750-54150.jpg,0.996
000167-b4f6fd9e0a76b2be4083d9fa-15-750-27750.jpg,1.0
000168-68034a53364c35eac63b4af1-3-3250-8650.jpg,1.0
000169-7c468c05d4662fcee9fab921-20-250-36250.jpg,0.978
000170-392c6092a6280d30a7144bcf-42-3500-79100.jpg,0.973
000171-78b1e991abd0108db18df02a-12-500-22100.jpg,0.074
000172-768a0a069adf04319ff2559b-43-1250-78650.jpg,0.971
000173-5a56da28734ae67c50588ec2-48-0-86400.jpg,0.43
000174-2d71dec7193fa941a9d5ac80-38-2750-71150.jpg,1.0
000175-ab6ae95114751c64a94eb2d0-42-4750-80350.jpg,0.594
000176-ddc3a8efe0618d7397d3a129-5-4500-13500.jpg,0.075
000177-cf640301315dd0860917ea9f-35-4500-67500.jpg,0.991
000178-efe469ebdf2a2d2b10456340-19-1250-35450.jpg,0.942
000179-6bd6dbb30a98b0e9d652a716-7-2500-15100.jpg,0.978
000180-7a48c8dc4ebc485dab23a53c-12-4750-26350.jpg,0.998
000181-705d39b0c40552746a1afadf-33-750-60150.jpg,0.704
000182-b359b4021287d30ff9b6f5b2-38-0-68400.jpg,0.745
000183-0f34f303411bc253d1fdf988-6-3000-13800.jpg,0.97
000184-fb247ec7e266d69334aaf013-35-2000-65000.jpg,0.8
000185-5a56da28734ae67c50588ec2-41-1250-75050.jpg,0.973
000186-7a48c8dc4ebc485dab23a53c-23-1500-42900.jpg,0.993
000187-8d87f56b59525ed4ea639c32-24-0-43200.jpg,0.997
000188-93cd430a2a305803b9c997dc-31-250-56050.jpg,0.997
000189-5f40487e05bd3e7c70e4eb94-6-3250-14050.jpg,0.992
000190-0ef869d58db1566d1d86b63d-30-3750-57750.jpg,0.056
000191-f6f091083fcc5948725ef21f-22-4500-44100.jpg,0.997
000192-efe469ebdf2a2d2b10456340-23-250-41650.jpg,0.974
000193-d8ca89ae03637f2b42bcd042-40-0-72000.jpg,0.998
000194-ab6ae95114751c64a94eb2d0-38-4750-73150.jpg,0.999
000195-d714745bd7c83534af449a81-13-1000-24400.jpg,0.421
000196-705d39b0c40552746a1afadf-21-3500-41300.jpg,0.189
000197-78b1e991abd0108db18df02a-11-4750-24550.jpg,0.32
000198-b8acc0dba46212f108f96480-36-250-65050.jpg,0.047
000199-f64d0401fd055c904ca6dc00-31-500-56300.jpg,0.999
000200-6e4893849ef9b777ec9c9c78-5-4000-13000.jpg,0.845
000201-ba70befeb9a917baca4821aa-26-1250-48050.jpg,0.985
000202-2ebd6ca19219c9c68e5a80c7-24-0-43200.jpg,0.789
000203-fc9ab13dc9e640fb3a52746d-13-2250-25650.jpg,0.756
000204-7a48c8dc4ebc485dab23a53c-11-4000-23800.jpg,0.825
000205-ba9bef2af96a41ee3b5080e5-11-1500-21300.jpg,0.976
000206-244da96f4adb75837b12fc4d-16-3000-31800.jpg,0.999
000207-4f78a8d0b4cf60e844288509-28-2250-52650.jpg,0.243
000208-e9425ab67c9507b8a5b31164-43-2750-80150.jpg,0.995
000209-2e5b26de6bdee8e740e69eac-13-4500-27900.jpg,0.998
000210-188b991a3c295dc93f80412c-7-250-12850.jpg,0.706
000211-0fd34f1ee17e8ae9c64b1337-45-1000-82000.jpg,0.999
000212-bf7718af049eb40c4ec179bd-41-1000-74800.jpg,0.998
000213-32235165c7312be320d36823-14-4250-29450.jpg,0.945
000214-b4310dc68adb02ebcf3187de-2-3750-7350.jpg,0.987
000215-e9cff0190607297120389512-31-2000-57800.jpg,0.426
000216-c371eab259dd483bd58c25d8-34-2250-63450.jpg,0.999
000217-ce987a693d8c47d442322a6e-11-1250-21050.jpg,0.99
000218-5c99ee571eb64dfbe59206b4-10-3500-21500.jpg,0.994
000219-6d5e57caf62f4ce2491fd4c2-20-4500-40500.jpg,0.995
000220-b8acc0dba46212f108f96480-6-3750-14550.jpg,0.988
000221-83266c526eae6e0797760c85-11-0-19800.jpg,0.198
000222-49756b62e211e131fd6008d2-22-1250-40850.jpg,0.435
000223-6e4893849ef9b777ec9c9c78-32-500-58100.jpg,0.982
000224-63b99e6995525951d89da0d0-37-4000-70600.jpg,0.082
000225-d843411d5321a68a9227a475-22-1750-41350.jpg,0.881
000226-4f78a8d0b4cf60e844288509-22-1500-41100.jpg,0.635
000227-69670259a100a489f0cb9676-41-1250-75050.jpg,0.975
000228-bc33bb6c5813d9351f1062f9-11-3750-23550.jpg,0.86
000229-bc33bb6c5813d9351f1062f9-36-1250-66050.jpg,0.994
000230-1d543ae97672c91311e5a36d-23-0-41400.jpg,0.98
000231-19384e00f1ab45698a9a943d-34-3500-64700.jpg,0.927
000232-f1cd0db34a558c82f3d8328a-31-3500-59300.jpg,0.395
000233-540208e670abd2b2613b8dfa-26-0-46800.jpg,0.998
000234-953dc505b13267df9a0f7572-27-1750-50350.jpg,0.995
000235-7310b9e06cba24ddc4e162b3-34-2500-63700.jpg,0.917
000236-68f6dad2a2ede9aa67f72499-29-2500-54700.jpg,0.305
000237-118d944bde2fbd13069fc921-27-2500-51100.jpg,0.971
000238-0fd34f1ee17e8ae9c64b1337-9-4750-20950.jpg,0.976
000239-ba9bef2af96a41ee3b5080e5-5-750-9750.jpg,0.547
000240-f64d0401fd055c904ca6dc00-16-3250-32050.jpg,0.955
000241-c371eab259dd483bd58c25d8-8-4000-18400.jpg,1.0
000242-b4f6fd9e0a76b2be4083d9fa-37-1500-68100.jpg,0.983
000243-ca7ffd65a00e5bf596c626fa-33-1250-60650.jpg,0.323
000244-dd4f77a5f43d5e5d6f322b21-27-2500-51100.jpg,0.994
000245-b7f7a59a118189974b56450e-20-1500-37500.jpg,0.977
000246-d55cc84d6ef995619d14146d-28-2750-53150.jpg,0.998
000247-9158d948a7e1edeb1f829c71-9-3500-19700.jpg,0.997
000248-5aaa97d21c46dd007ccfb9b2-10-1000-19000.jpg,0.61
000249-ea2e5e6d7cd30d242c5d978d-2-2000-5600.jpg,0.234
000250-d116009a6a7abb822b2ac5f2-9-1500-17700.jpg,0.087
000251-96666de96c9354b9d8f58e7c-43-4500-81900.jpg,0.86
000252-96666de96c9354b9d8f58e7c-35-1500-64500.jpg,0.786
000253-d116009a6a7abb822b2ac5f2-15-3000-30000.jpg,0.36
000254-4f78a8d0b4cf60e844288509-25-250-45250.jpg,0.345
000255-0ec546ea42f6c8342ba49a06-32-3250-60850.jpg,0.28
000256-2e5b26de6bdee8e740e69eac-22-2500-42100.jpg,0.996
000257-118d944bde2fbd13069fc921-42-3000-78600.jpg,0.059
000258-49756b62e211e131fd6008d2-40-750-72750.jpg,0.999
000259-5a56da28734ae67c50588ec2-27-4250-52850.jpg,0.996
000260-49756b62e211e131fd6008d2-35-4500-67500.jpg,0.999
000261-ee61602c5e399e3fd44e5960-9-2500-18700.jpg,0.988
000262-56c6583acbd711afe1e6315a-38-1750-70150.jpg,0.998
000263-efe469ebdf2a2d2b10456340-9-4250-20450.jpg,0.784
000264-4f0071acf34e37f4ee3d026c-20-3750-39750.jpg,0.98
000265-1319c5fe427c740e17be196b-6-3500-14300.jpg,0.04
000266-940a5ce6c94a864aea9c492c-24-4750-47950.jpg,0.992
000267-83266c526eae6e0797760c85-6-750-11550.jpg,0.951
000268-2538a18c8c4a5e6a34f3df9f-40-1750-73750.jpg,0.969
000269-6258142bab395a3c22a310da-22-0-39600.jpg,0.994
000270-8a9293e84bdb36b0c69dab13-16-500-29300.jpg,1.0
000271-9d9d178c8545365b3a34cfa0-33-2500-61900.jpg,0.75
000272-0ef869d58db1566d1d86b63d-19-1500-35700.jpg,0.51
000273-5c32d68855388b3c5ff424e3-14-2000-27200.jpg,0.821
000274-47f68f22ab79bc7ebf0b7704-20-1000-37000.jpg,0.996
000275-e136be7e1b771b73501c41b1-18-4750-37150.jpg,0.76
000276-037d0712728a7d1acab62ef2-24-750-43950.jpg,0.997
000277-29a94a94190d92d759560898-40-3750-75750.jpg,0.998
000278-af2cd873d5f7012625b7645e-43-3000-80400.jpg,0.043
000279-d843411d5321a68a9227a475-12-750-22350.jpg,0.946
000280-e9cff0190607297120389512-34-1250-62450.jpg,0.184
000281-6d5e57caf62f4ce2491fd4c2-27-4250-52850.jpg,1.0
000282-6258142bab395a3c22a310da-37-2250-68850.jpg,0.894
000283-d802316e6db35675708f375d-19-1250-35450.jpg,0.47
000284-2c4e2c0166429ff4b26c0fd5-26-500-47300.jpg,0.996
000285-ba9bef2af96a41ee3b5080e5-42-2750-78350.jpg,0.941
000286-f4ff736e0adc6b7ce009f87d-7-3000-15600.jpg,0.998
000287-9d9d178c8545365b3a34cfa0-19-4250-38450.jpg,0.757
000288-188b991a3c295dc93f80412c-7-1750-14350.jpg,0.457
000289-275102f371b5a840e212b97a-21-4250-42050.jpg,0.996
000290-ba9bef2af96a41ee3b5080e5-15-2750-29750.jpg,0.995
000291-392c6092a6280d30a7144bcf-29-2250-54450.jpg,0.999
000292-bb08f16dd67079986cd12e52-16-2750-31550.jpg,0.463
000293-d802316e6db35675708f375d-8-4500-18900.jpg,0.973
000294-16f99beaf8446ba44a25e1f6-18-4500-36900.jpg,0.997
000295-e136be7e1b771b73501c41b1-29-250-52450.jpg,0.997
000296-3e9c014a4c93d2250ff0e7c1-6-2750-13550.jpg,0.993
000297-afd4c1bf9fac7484ffca8051-7-2750-15350.jpg,0.539
000298-1d543ae97672c91311e5a36d-6-500-11300.jpg,0.97
000299-ebcaead9bb3755b5d8175223-19-2500-36700.jpg,0.94
000300-ab6ae95114751c64a94eb2d0-7-1750-14350.jpg,0.0
000301-c4d0298ca337072c9ffe6fbc-41-2250-76050.jpg,0.001
000302-bb1de1b9b749ca8d18d0c840-44-2250-81450.jpg,0.0
000303-23bea1086b8d3bc7898190aa-38-250-68650.jpg,0.023
000304-af2cd873d5f7012625b7645e-2-2000-5600.jpg,0.002
000305-5906ba94cf204d29c2895589-18-3250-35650.jpg,0.001
000306-bc33bb6c5813d9351f1062f9-3-0-5400.jpg,0.039
000307-0fd34f1ee17e8ae9c64b1337-7-2750-15350.jpg,0.004
000308-df757ecb6cb5cb64f67b2949-42-2250-77850.jpg,0.001
000309-b359b4021287d30ff9b6f5b2-30-4500-58500.jpg,0.005
000310-ba9bef2af96a41ee3b5080e5-28-500-50900.jpg,0.002
000311-855f7fe5d5f04c0dc975d88d-16-3000-31800.jpg,0.002
000312-afd4c1bf9fac7484ffca8051-39-500-70700.jpg,0.0
000313-a83daeb7b675392ab8618926-5-1000-10000.jpg,0.001
000314-940a5ce6c94a864aea9c492c-7-0-12600.jpg,0.008
000315-5aa735c8ff45c3469d2531f7-37-4250-70850.jpg,0.009
000316-ddda1a56dcb540680ddc4973-24-250-43450.jpg,0.002
000317-9d9d178c8545365b3a34cfa0-24-500-43700.jpg,0.004
000318-188b991a3c295dc93f80412c-5-3750-12750.jpg,0.023
000319-16f99beaf8446ba44a25e1f6-2-1500-5100.jpg,0.0
000320-cf6818df126de11c0ac1aaa3-43-0-77400.jpg,0.002
000321-68034a53364c35eac63b4af1-35-2000-65000.jpg,0.014
000322-855f7fe5d5f04c0dc975d88d-21-1000-38800.jpg,0.064
000323-3416bc3935676fc9c5fb2162-33-1500-60900.jpg,0.028
000324-23bea1086b8d3bc7898190aa-44-3000-82200.jpg,0.0
000325-398e7524eb808f5e45c794fc-29-4000-56200.jpg,0.0
000326-d843411d5321a68a9227a475-36-1750-66550.jpg,0.0
000327-118d944bde2fbd13069fc921-8-250-14650.jpg,0.006
000328-fc9ab13dc9e640fb3a52746d-45-1500-82500.jpg,0.0
000329-96666de96c9354b9d8f58e7c-38-3000-71400.jpg,0.001
000330-63b99e6995525951d89da0d0-41-3250-77050.jpg,0.0
000331-7310b9e06cba24ddc4e162b3-0-2250-2250.jpg,0.007
000332-5aaa97d21c46dd007ccfb9b2-29-1750-53950.jpg,0.0
000333-af2cd873d5f7012625b7645e-5-1750-10750.jpg,0.019
000334-188b991a3c295dc93f80412c-6-3250-14050.jpg,0.003
000335-037d0712728a7d1acab62ef2-1-0-1800.jpg,0.0
000336-78b1e991abd0108db18df02a-7-1000-13600.jpg,0.002
000337-fc9ab13dc9e640fb3a52746d-44-3000-82200.jpg,0.007
000338-70a030f8aee6c55a7e4df219-31-2000-57800.jpg,0.0
000339-0f34f303411bc253d1fdf988-31-250-56050.jpg,0.001
000340-5c32d68855388b3c5ff424e3-13-3250-26650.jpg,0.0
000341-985fd86f5514b1028b5587e4-42-4250-79850.jpg,0.0
000342-29a94a94190d92d759560898-41-500-74300.jpg,0.0
000343-420354cc8e7c3382f53356e1-27-1750-50350.jpg,0.009
000344-5aaa97d21c46dd007ccfb9b2-1-3750-5550.jpg,0.002
000345-23bea1086b8d3bc7898190aa-10-3250-21250.jpg,0.055
000346-d116009a6a7abb822b2ac5f2-5-1750-10750.jpg,0.004
000347-da65c9f6fbb63ff67c796a78-11-2750-22550.jpg,0.001
000348-b7f7a59a118189974b56450e-17-3750-34350.jpg,0.001
000349-56c6583acbd711afe1e6315a-13-750-24150.jpg,0.003
000350-0d1e7b29a724994660ce3fe2-16-1750-30550.jpg,0.059
000351-5c99ee571eb64dfbe59206b4-41-3750-77550.jpg,0.0
000352-c371eab259dd483bd58c25d8-25-2500-47500.jpg,0.004
000353-bb093a0466fe40cd5cc40a75-44-1000-80200.jpg,0.0
000354-04d03f0bda67a854ff0dc550-0-2000-2000.jpg,0.003
000355-69117d622dcad785f126ca11-11-1000-20800.jpg,0.003
000356-ccc225b19e93d3ec9f97b5c3-19-750-34950.jpg,0.008
000357-ab6ae95114751c64a94eb2d0-32-2500-60100.jpg,0.987
000358-c4d0298ca337072c9ffe6fbc-7-2750-15350.jpg,0.01
000359-b33846933935593b55d49211-21-2250-40050.jpg,0.01
000360-cca4b36f59fb3d24d39a10ff-5-1000-10000.jpg,0.0
000361-78b1e991abd0108db18df02a-31-500-56300.jpg,0.001
000362-0f34f303411bc253d1fdf988-18-4000-36400.jpg,0.013
000363-ed78d571b093fc63813977ab-47-250-84850.jpg,0.0
000364-8a29e5197425932b819f381d-0-4500-4500.jpg,0.001
000365-5e61fa41d258f0da81afd18d-7-2500-15100.jpg,0.01
000366-bb093a0466fe40cd5cc40a75-47-1500-86100.jpg,0.002
000367-df757ecb6cb5cb64f67b2949-43-500-77900.jpg,0.001
000368-6bd6dbb30a98b0e9d652a716-36-750-65550.jpg,0.001
000369-54214f4c1bb874fa206c2e02-42-3750-79350.jpg,0.0
000370-40cd8876c741ebe183ec3d66-38-2000-70400.jpg,0.0
000371-d802316e6db35675708f375d-44-250-79450.jpg,0.006
000372-5c32d68855388b3c5ff424e3-40-4000-76000.jpg,0.028
000373-1d543ae97672c91311e5a36d-18-1250-33650.jpg,0.004
000374-29a94a94190d92d759560898-25-3250-48250.jpg,0.054
000375-5906ba94cf204d29c2895589-2-2500-6100.jpg,0.036
000376-68f6dad2a2ede9aa67f72499-8-2000-16400.jpg,0.0
000377-f41898121bded6aa892c02f5-3-0-5400.jpg,0.0
000378-5e61fa41d258f0da81afd18d-28-1000-51400.jpg,0.0
000379-f4ff736e0adc6b7ce009f87d-5-1500-10500.jpg,0.004
000380-5aaa97d21c46dd007ccfb9b2-25-3500-48500.jpg,0.021
000381-cf6818df126de11c0ac1aaa3-28-500-50900.jpg,0.001
000382-f320be1e7f6ea7fa725e93b9-1-2000-3800.jpg,0.001
000383-ddda1a56dcb540680ddc4973-2-1250-4850.jpg,0.002
000384-f251d78788f6a66f3e12d59d-1-1250-3050.jpg,0.001
000385-29a94a94190d92d759560898-8-0-14400.jpg,0.0
000386-8d87f56b59525ed4ea639c32-14-3500-28700.jpg,0.003
000387-623bae3f81c936927074de2f-14-500-25700.jpg,0.0
000388-ea2e5e6d7cd30d242c5d978d-13-2250-25650.jpg,0.029
000389-5a56da28734ae67c50588ec2-13-250-23650.jpg,0.001
000390-f41898121bded6aa892c02f5-33-2000-61400.jpg,0.002
000391-97b5a01398c8d9cc83523d33-22-4000-43600.jpg,0.038
000392-c54eb727efad33ddc42bb452-2-1750-5350.jpg,0.012
000393-5e2693c48affb8e8b86d8c00-7-250-12850.jpg,0.002
000394-68f6dad2a2ede9aa67f72499-22-2250-41850.jpg,0.002
000395-d714745bd7c83534af449a81-20-250-36250.jpg,0.581
000396-0b3a6d126307c494e94f24e2-34-3500-64700.jpg,0.0
000397-e9425ab67c9507b8a5b31164-42-2750-78350.jpg,0.01
000398-385f6adb2575f9ee99ab5bc5-46-250-83050.jpg,0.048
000399-93cd430a2a305803b9c997dc-33-250-59650.jpg,0.0
000400-0f34f303411bc253d1fdf988-5-4000-13000.jpg,0.002
000401-8f2e8dd7b16b72806d9863ff-7-750-13350.jpg,0.0
000402-0fd6eaa8b79d60d24ac457c5-38-250-68650.jpg,0.001
000403-b7f7a59a118189974b56450e-11-0-19800.jpg,0.028
000404-385f6adb2575f9ee99ab5bc5-42-3250-78850.jpg,0.001
000405-b4310dc68adb02ebcf3187de-24-4750-47950.jpg,0.002
000406-17ccba08b674126235ae6055-7-2000-14600.jpg,0.008
000407-19384e00f1ab45698a9a943d-36-2250-67050.jpg,0.057
000408-cca4b36f59fb3d24d39a10ff-0-3250-3250.jpg,0.495
000409-5aaa97d21c46dd007ccfb9b2-0-750-750.jpg,0.227
000410-f1cd0db34a558c82f3d8328a-22-3250-42850.jpg,0.002
000411-14a93dd1b5546948a3c95929-36-2750-67550.jpg,0.0
000412-40cd8876c741ebe183ec3d66-35-1000-64000.jpg,0.003
000413-4af9a04b3e28786de70a1f38-24-2250-45450.jpg,0.014
000414-17ccba08b674126235ae6055-20-2250-38250.jpg,0.001
000415-768a0a069adf04319ff2559b-20-4250-40250.jpg,0.018
000416-7dd02305e2d607582de11bdb-24-1750-44950.jpg,0.002
000417-a2574706861c394735af3db4-29-4500-56700.jpg,0.03
000418-5c32d68855388b3c5ff424e3-11-0-19800.jpg,0.01
000419-7310b9e06cba24ddc4e162b3-7-4750-17350.jpg,0.02
000420-768a0a069adf04319ff2559b-28-3750-54150.jpg,0.0
000421-57d1aea2ccb41d62e44e29db-42-4750-80350.jpg,0.085
000422-4ff5e31ba22a7bd897d07e24-6-4250-15050.jpg,0.009
000423-96666de96c9354b9d8f58e7c-0-1250-1250.jpg,0.123
000424-599d189be6c7cb9242c8e616-2-4000-7600.jpg,0.0
000425-6258142bab395a3c22a310da-21-3000-40800.jpg,0.024
000426-f41898121bded6aa892c02f5-24-500-43700.jpg,0.003
000427-6c2601ee868544d7e63431f4-8-2750-17150.jpg,0.0
000428-40cd8876c741ebe183ec3d66-14-4500-29700.jpg,0.002
000429-33a55fcdd623babeb4b8afdf-21-0-37800.jpg,0.003
000430-78b1e991abd0108db18df02a-0-1500-1500.jpg,0.0
000431-70a030f8aee6c55a7e4df219-8-1000-15400.jpg,0.0
000432-392c6092a6280d30a7144bcf-5-4500-13500.jpg,0.0
000433-ebcaead9bb3755b5d8175223-37-0-66600.jpg,0.008
000434-83266c526eae6e0797760c85-28-0-50400.jpg,0.001
000435-6e4893849ef9b777ec9c9c78-28-2750-53150.jpg,0.0
000436-da65c9f6fbb63ff67c796a78-0-750-750.jpg,0.0
000437-afd4c1bf9fac7484ffca8051-13-2000-25400.jpg,0.015
000438-b359b4021287d30ff9b6f5b2-21-500-38300.jpg,0.0
000439-4536dea6fa93d60b636db156-44-0-79200.jpg,0.005
000440-2ebd6ca19219c9c68e5a80c7-5-1000-10000.jpg,0.0
000441-5453c71d0e7fe98e00c88c9e-16-2500-31300.jpg,0.001
000442-9158d948a7e1edeb1f829c71-31-2000-57800.jpg,0.001
000443-f251d78788f6a66f3e12d59d-3-2000-7400.jpg,0.003
000444-295d6a924c7709f4fc6473be-34-4000-65200.jpg,0.001
000445-b4310dc68adb02ebcf3187de-45-250-81250.jpg,0.0
000446-cca4b36f59fb3d24d39a10ff-12-1750-23350.jpg,0.0
000447-5453c71d0e7fe98e00c88c9e-44-2500-81700.jpg,0.0
000448-fb247ec7e266d69334aaf013-18-2750-35150.jpg,0.0
000449-bddafcb6f95b04781d7e924e-16-4250-33050.jpg,0.0
000450-398e7524eb808f5e45c794fc-37-4500-71100.jpg,0.0
000451-f320be1e7f6ea7fa725e93b9-14-2500-27700.jpg,0.018
000452-93cd430a2a305803b9c997dc-44-3750-82950.jpg,0.002
000453-29a94a94190d92d759560898-40-3000-75000.jpg,0.003
000454-8a9293e84bdb36b0c69dab13-13-500-23900.jpg,0.001
000455-e97e9054f7b8f3e47f09f75c-11-4000-23800.jpg,0.006
000456-ce81932a762ad235a831aa8b-29-3000-55200.jpg,0.001
000457-ea2e5e6d7cd30d242c5d978d-8-3500-17900.jpg,0.001
000458-4ff5e31ba22a7bd897d07e24-30-750-54750.jpg,0.009
000459-985fd86f5514b1028b5587e4-28-4500-54900.jpg,0.01
000460-ed78d571b093fc63813977ab-49-750-88950.jpg,0.007
000461-5e2693c48affb8e8b86d8c00-24-4750-47950.jpg,0.031
000462-63b99e6995525951d89da0d0-44-1000-80200.jpg,0.0
000463-cca4b36f59fb3d24d39a10ff-0-2750-2750.jpg,0.0
000464-b4310dc68adb02ebcf3187de-10-3750-21750.jpg,0.004
000465-1d543ae97672c91311e5a36d-37-750-67350.jpg,0.057
000466-978933a2da83584f8c9d9c72-32-0-57600.jpg,0.003
000467-1c88e8735cd99fcbe3509858-10-0-18000.jpg,0.0
000468-fc9ab13dc9e640fb3a52746d-18-1250-33650.jpg,0.019
000469-19384e00f1ab45698a9a943d-42-4000-79600.jpg,0.0
000470-dd1a338f96a4e03d74300b13-0-1000-1000.jpg,0.0
000471-ebcaead9bb3755b5d8175223-15-3000-30000.jpg,0.0
000472-385f6adb2575f9ee99ab5bc5-31-3000-58800.jpg,0.001
000473-efe469ebdf2a2d2b10456340-11-3500-23300.jpg,0.001
000474-bb08f16dd67079986cd12e52-3-4000-9400.jpg,0.0
000475-afd4c1bf9fac7484ffca8051-33-1750-61150.jpg,0.001
000476-bddafcb6f95b04781d7e924e-46-250-83050.jpg,0.001
000477-5453c71d0e7fe98e00c88c9e-31-1000-56800.jpg,0.037
000478-68f6dad2a2ede9aa67f72499-32-250-57850.jpg,0.0
000479-f6f091083fcc5948725ef21f-42-1000-76600.jpg,0.003
000480-2ebd6ca19219c9c68e5a80c7-25-1250-46250.jpg,0.001
000481-392c6092a6280d30a7144bcf-11-2750-22550.jpg,0.0
000482-5a56da28734ae67c50588ec2-33-3750-63150.jpg,0.0
000483-40cd8876c741ebe183ec3d66-7-4000-16600.jpg,0.0
000484-5f54c85f852382e22d784c56-10-2500-20500.jpg,0.015
000485-ce81932a762ad235a831aa8b-9-4000-20200.jpg,0.006
000486-ba9bef2af96a41ee3b5080e5-27-750-49350.jpg,0.001
000487-69117d622dcad785f126ca11-1-2500-4300.jpg,0.0
000488-c4d0298ca337072c9ffe6fbc-0-2000-2000.jpg,0.001
000489-33a55fcdd623babeb4b8afdf-10-1750-19750.jpg,0.0
000490-32235165c7312be320d36823-46-500-83300.jpg,0.008
000491-47f68f22ab79bc7ebf0b7704-11-2500-22300.jpg,0.0
000492-ebcaead9bb3755b5d8175223-45-3250-84250.jpg,0.031
000493-4af9a04b3e28786de70a1f38-34-1250-62450.jpg,0.0
000494-5e61fa41d258f0da81afd18d-16-2250-31050.jpg,0.004
000495-2ebd6ca19219c9c68e5a80c7-16-1750-30550.jpg,0.0
000496-33a55fcdd623babeb4b8afdf-7-1500-14100.jpg,0.016
000497-efe469ebdf2a2d2b10456340-2-1500-5100.jpg,0.0
000498-70a030f8aee6c55a7e4df219-12-3250-24850.jpg,0.0
000499-78b1e991abd0108db18df02a-31-750-56550.jpg,0.001
000500-188b991a3c295dc93f80412c-0-1250-1250.jpg,0.001
000501-921f8ed753c3a667e6095b7b-44-750-79950.jpg,0.0
000502-0fd6eaa8b79d60d24ac457c5-36-3500-68300.jpg,0.0
000503-ba9bef2af96a41ee3b5080e5-31-4500-60300.jpg,0.001
000504-e136be7e1b771b73501c41b1-43-1500-78900.jpg,0.09
000505-043d443cdc1d59deb4c45da6-20-4500-40500.jpg,0.012
000506-d55cc84d6ef995619d14146d-3-2500-7900.jpg,0.003
000507-04d03f0bda67a854ff0dc550-40-3000-75000.jpg,0.001
000508-dd4f77a5f43d5e5d6f322b21-0-1500-1500.jpg,0.003
000509-0a2a2d8fe0e0547cadc6d521-33-2000-61400.jpg,0.048
000510-cf640301315dd0860917ea9f-27-0-48600.jpg,0.001
000511-96666de96c9354b9d8f58e7c-37-1750-68350.jpg,0.175
000512-4536dea6fa93d60b636db156-5-500-9500.jpg,0.007
000513-17ccba08b674126235ae6055-21-1500-39300.jpg,0.002
000514-6258142bab395a3c22a310da-38-3000-71400.jpg,0.001
000515-c54eb727efad33ddc42bb452-3-250-5650.jpg,0.005
000516-705d39b0c40552746a1afadf-34-4250-65450.jpg,0.0
000517-acab0eb205d107f839c695f3-39-250-70450.jpg,0.0
000518-c4d0298ca337072c9ffe6fbc-42-1500-77100.jpg,0.025
000519-8f2e8dd7b16b72806d9863ff-26-0-46800.jpg,0.017
000520-e9425ab67c9507b8a5b31164-17-1750-32350.jpg,0.0
000521-14a93dd1b5546948a3c95929-12-4000-25600.jpg,0.002
000522-6258142bab395a3c22a310da-23-1750-43150.jpg,0.002
000523-40cd8876c741ebe183ec3d66-15-3000-30000.jpg,0.0
000524-b4f6fd9e0a76b2be4083d9fa-29-3000-55200.jpg,0.009
000525-96666de96c9354b9d8f58e7c-7-250-12850.jpg,0.002
000526-ea2e5e6d7cd30d242c5d978d-35-2000-65000.jpg,0.0
000527-f41898121bded6aa892c02f5-22-4750-44350.jpg,0.0
000528-0b3a6d126307c494e94f24e2-9-2000-18200.jpg,0.004
000529-b7f7a59a118189974b56450e-3-2000-7400.jpg,0.05
000530-04d03f0bda67a854ff0dc550-1-3750-5550.jpg,0.001
000531-7e423a97a7cc647c80bc112c-31-1000-56800.jpg,0.001
000532-e136be7e1b771b73501c41b1-39-1000-71200.jpg,0.001
000533-74428a96af9c647fc5385782-13-0-23400.jpg,0.039
000534-1c88e8735cd99fcbe3509858-39-4000-74200.jpg,0.337
000535-2d90aff655d9086822674199-25-2500-47500.jpg,0.0
000536-e4703eabbae19efec784a115-26-1750-48550.jpg,0.006
000537-2c4e2c0166429ff4b26c0fd5-44-3750-82950.jpg,0.0
000538-ddda1a56dcb540680ddc4973-38-2250-70650.jpg,0.001
000539-7a48c8dc4ebc485dab23a53c-46-250-83050.jpg,0.0
000540-be0c688226a81bd12535adac-30-4250-58250.jpg,0.005
000541-4f062a0d2117ba4992ddc68a-6-1000-11800.jpg,0.001
000542-874cb6b4e38cd3872acf0e63-16-3250-32050.jpg,0.002
000543-6115a9db17decee344eb8f7a-1-1250-3050.jpg,0.003
000544-69670259a100a489f0cb9676-23-1500-42900.jpg,0.004
000545-e4703eabbae19efec784a115-41-1750-75550.jpg,0.027
000546-e9425ab67c9507b8a5b31164-20-4250-40250.jpg,0.027
000547-768a0a069adf04319ff2559b-5-3000-12000.jpg,0.002
000548-293cd6346cfd03dfdee10194-45-250-81250.jpg,0.0
000549-ea2e5e6d7cd30d242c5d978d-31-4000-59800.jpg,0.0
000550-0fd34f1ee17e8ae9c64b1337-9-4250-20450.jpg,0.605
000551-0b3a6d126307c494e94f24e2-48-2000-88400.jpg,0.08
000552-fd0f8352bcbb86d93c23baa9-45-750-81750.jpg,0.0
000553-196c2f8e0e1116b8c2567393-10-1000-19000.jpg,0.008
000554-e4703eabbae19efec784a115-37-1000-67600.jpg,0.01
000555-7e3bb2ffcafbbb3f749de881-41-0-73800.jpg,0.002
000556-5906ba94cf204d29c2895589-1-3250-5050.jpg,0.0
000557-5906ba94cf204d29c2895589-35-500-63500.jpg,0.039
000558-385f6adb2575f9ee99ab5bc5-13-2250-25650.jpg,0.001
000559-f1cd0db34a558c82f3d8328a-30-2000-56000.jpg,0.0
000560-bb08f16dd67079986cd12e52-1-4000-5800.jpg,0.016
000561-fc9ab13dc9e640fb3a52746d-21-4000-41800.jpg,0.002
000562-6c2601ee868544d7e63431f4-11-500-20300.jpg,0.001
000563-8d87f56b59525ed4ea639c32-43-3000-80400.jpg,0.0
000564-56c6583acbd711afe1e6315a-14-4750-29950.jpg,0.0
000565-23bea1086b8d3bc7898190aa-7-1750-14350.jpg,0.001
000566-69117d622dcad785f126ca11-23-4500-45900.jpg,0.0
000567-fd0f8352bcbb86d93c23baa9-15-750-27750.jpg,0.0
000568-f64d0401fd055c904ca6dc00-15-1500-28500.jpg,0.006
000569-dd4f77a5f43d5e5d6f322b21-1-750-2550.jpg,0.0
000570-623bae3f81c936927074de2f-34-250-61450.jpg,0.001
000571-392c6092a6280d30a7144bcf-0-750-750.jpg,0.848
000572-ab6ae95114751c64a94eb2d0-36-250-65050.jpg,0.001
000573-66d84c1eab985d29572ee33e-19-0-34200.jpg,0.002
000574-6115a9db17decee344eb8f7a-23-3750-45150.jpg,0.0
000575-d843411d5321a68a9227a475-1-2750-4550.jpg,0.004
000576-8515dc5a5a774a0a7965d58f-45-2500-83500.jpg,0.003
000577-dd4f77a5f43d5e5d6f322b21-1-1750-3550.jpg,0.007
000578-2538a18c8c4a5e6a34f3df9f-33-250-59650.jpg,0.022
000579-31bafce6ea22b473267cbedd-24-2750-45950.jpg,0.0
000580-78b1e991abd0108db18df02a-45-500-81500.jpg,0.004
000581-7a66bab72b712c3edb78f3a1-39-3500-73700.jpg,0.0
000582-0b3a6d126307c494e94f24e2-25-2250-47250.jpg,0.002
000583-a83daeb7b675392ab8618926-26-1500-48300.jpg,0.002
000584-855f7fe5d5f04c0dc975d88d-2-750-4350.jpg,0.057
000585-b4310dc68adb02ebcf3187de-32-250-57850.jpg,0.009
000586-40cd8876c741ebe183ec3d66-0-1500-1500.jpg,0.009
000587-f4ff736e0adc6b7ce009f87d-2-3750-7350.jpg,0.001
000588-5aa735c8ff45c3469d2531f7-26-3250-50050.jpg,0.0
000589-874cb6b4e38cd3872acf0e63-28-2500-52900.jpg,0.056
000590-e06d503ec3a952d8ad3cfe45-0-2250-2250.jpg,0.0
000591-a8c3a50bc09c78ba83994b62-16-500-29300.jpg,0.001
000592-940a5ce6c94a864aea9c492c-22-1250-40850.jpg,0.002
000593-2d90aff655d9086822674199-25-1000-46000.jpg,0.057
000594-7a66bab72b712c3edb78f3a1-2-1500-5100.jpg,0.003
000595-74428a96af9c647fc5385782-29-4750-56950.jpg,0.0
000596-188b991a3c295dc93f80412c-10-1250-19250.jpg,0.001
000597-3e9c014a4c93d2250ff0e7c1-10-2250-20250.jpg,0.0
000598-54214f4c1bb874fa206c2e02-1-3500-5300.jpg,0.0
000599-e06d503ec3a952d8ad3cfe45-37-1000-67600.jpg,0.119
